SOPInstanceUID,SeriesInstanceUID,StudyInstanceUID,data,labelName,labelType
1.2.276.0.7230010.3.1.4.296485376.1.1521713007.1700822,1.2.276.0.7230010.3.1.3.296485376.1.1521713007.1700799,1.2.276.0.7230010.3.1.2.296485376.1.1521713003.1699571,"{'x': 302.6561, 'y': 202.0412, 'width': 55.98734, 'height': 55.98734}",Intraparenchymal,handDrawn
1.2.276.0.7230010.3.1.4.296485376.1.1521713007.1700822,1.2.276.0.7230010.3.1.3.296485376.1.1521713007.1700799,1.2.276.0.7230010.3.1.2.296485376.1.1521713003.1699571,"{'x': 240.12358999999998, 'y': 284.76403999999997, 'width': 36.67416, 'height': 61.1236}",Subarachnoid,handDrawn
1.2.276.0.7230010.3.1.4.296485376.1.1521713021.1704518,1.2.276.0.7230010.3.1.3.296485376.1.1521713021.1704489,1.2.276.0.7230010.3.1.2.296485376.1.1521713019.1703972,"{'x': 278.23596000000003, 'y': 258.8764, 'width': 30.202240000000003, 'height': 28.76404}",Intraparenchymal,handDrawn
1.2.276.0.7230010.3.1.4.296485376.1.1521713469.1816851,1.2.276.0.7230010.3.1.3.296485376.1.1521713469.1816824,1.2.276.0.7230010.3.1.2.296485376.1.1521713467.1816379,"{'x': 140.16853999999998, 'y': 183.3708, 'width': 66.1573, 'height': 104.26965}",Intraparenchymal,handDrawn
1.2.276.0.7230010.3.1.4.296485376.1.1521713940.1946656,1.2.276.0.7230010.3.1.3.296485376.1.1521713940.1946615,1.2.276.0.7230010.3.1.2.296485376.1.1521713938.1946092,"{'x': 243.71909, 'y': 246.65169, 'width': 64.00001999999999, 'height': 53.21349}",Intraparenchymal,handDrawn
